번호,제목,본문내용,국가,지역
1,[그리스] ICAP,"□ 사이트 개요 ○ 사이트 유형: 기업정보 DB 제공 ○그리스를 기반으로 1964년 설립되어 그리스 현지 기업 DB와 재무정보를 제공- 2012년부터는 불가리아, 세르비아, 루마니아어 기업 DB 제공 서비스를 시작하여 발칸지역에서 가장 큰 기업 DB를 보유 ○언어: 영어, 그리스어□ 제공 정보 ○4개국의 수입업체, 수출업체 및 제조업체 정보, 재무정보, 종업원 수, 설립년도, 취급 품목, 수입 및 수출입 국가 정보 현황을 제공* 유무료 회원별 이용 가능 정보 차별 제공",그리스,유럽
2,[뉴질랜드] Companies office,"□ 사이트 개요 ○사이트 유형: 기업검색사이트 ○뉴질랜드 정부 기업혁신고용부내의 기업등기소 사이트로 뉴질랜드 내에 등록된 모든 기업에 대한 정보를 확인할 수 있음. ○언어: 영어 □ 제공 정보 ○뉴질랜드 내 등록된 기업정보(기업명, 대표자, 등록일자, 지분관계, 재무제표(공개의무를 가지고 있는 기업에 한함) 등) https://companies-register.companiesoffice.govt.nz/",뉴질랜드,대양주
3,[뉴질랜드] Finda,"□ 사이트 개요 ○사이트 유형: 기업검색사이트o뉴질랜드를 기반으로 1989년에 설립된 기업정보 제공업체. ○언어: 영어□ 제공 정보o뉴질랜드내 기업정보(기업명, 연락처, 위치, 취급품목 등)* 기업검색은 무료서비스",뉴질랜드,대양주
4,[뉴질랜드] Yellow Page,"□ 사이트 개요 ○사이트 유형: 기업검색사이트 ○ 1988년에 설립된 뉴질랜드를 기반으로 하는 전화번호 제공 서비스업체. 전화번호부 제작부터 기업검색사이트까지 다양한 서비스 제공 ○ 언어: 영어 □ 제공 정보 ○ 뉴질랜드내 기업정보(기업명, 연락처, 위치 등)* 기업검색은 무료서비스",뉴질랜드,대양주
5,[뉴질랜드] Zip Leaf,"□ 사이트 개요 ○사이트 유형: 기업검색사이트 ○2008년 캐나다 IT 기업인 Netcode Inc 자본으로 설립된 기업정보 사이트 ○언어: 영어□ 제공 정보o호주, 뉴질랜드, 캐나다, 미국을 비롯한 15개국의 기업정보(기업명, 연락처, 위치, 취급품목 등)* 기업검색은 무료서비스",뉴질랜드,대양주
6,[대만] Business Express,"□ 사이트 개요 ○사이트 유형: 기업검색사이트o 언어: 영어, 중국어(번체자/간체자)□ 제공 정보 ○대만 내 수입업체, 수출업체 및 제조업체 관련 정보(주소, 전화번호, 이메일, 직원수, 자본금, 경영자, 제품 정보 등 )  https://business.com.tw/",대만,아시아
7,[대만] Trade Asia,"□ 사이트 개요 ○사이트 유형: B2B e-마켓플레이스 ○운영회사: AsianNet Inc.는 1995년 미국 일리노이주를 기반으로 설립됐으며 아시아 태평양 지역 서비스 센터는 1996년 대만에 설립o 70만 이상의 회원과 100만개 이상의 상품을 게재하고 있는 세계 5대 무역 포털 온라인 B2B 마켓플레이스 ○언어: 영어, 중국어(번체자, 간체자)□ 제공 정보o 글로벌 업체 관련 정보와 특정 상품에 대한 구매 또는 판매를 희망하는 업체 정보 제공* 유무료 회원별 이용 가능 정보 차별 제공 https://www.etradeasia.com/",대만,아시아
8,[도미니카공화국] Paginas Amarillas,"□ 사이트 개요 ○사이트 유형 : 기업 검색 사이트 -Caribe Media에서 운영하는 기업 디렉토리 전문사이트로, 키워드/상호/업종/지역 등을 입력하여 기업정보 조회 가능o연혁 : 1965년부터 서비스 개시 ○언어 : 스페인어 □ 검색 방법 ○검색창에 확인하고자 하는 키워드(업종, 제품, 상호 등) 입력 후 조회 - Que busca? : 키워드, 업종, 상호 등 입력 -Donde? : 관심지역 입력□ 제공 정보o입력 키워드와 연관된 비즈니스, 개인 정보 목록 - 목록에서 특정 결과물(상호, 개인 등)선택시 전화번호, 주소, 홈페이지, 지도등검색 대상에 대한 정보 제공 ○기업/장소 이용후기 등 사용자 평가 입력 및 조회 가능",도미니카공화국,중남미
9,[독일] Wer Liefert Was,"□ 사이트 개요 ○사이트 유형: 기업검색사이트 ○기본 정보 및 연혁- 소재지: 독일 함부르크(Hamburg)- 현재 총 고용인원수(스위스, 오스트리아 포함): 200명- 1930년 라이프치히 전시회에서 최초로 Wer liefert was(누가 무엇을 공급하나) 서적으로 발간- 2000년도 까지 연 1회 참고용 서적으로 발간- 1988년 오스트리아 Wer liefert was, 1990년 스위스 Wer liefert was 설립- 1995년 온라인 검색사이트 www.wlw.de 개설 및 서비스 개시 ○개요- 연간 방문자 수 2,400만 명- Wer liefert was를 통해 매월 130만 명의 잠재 구매자가 WLW에 등록되어 있는 57만 개사 기업 검색 및 서비스 이용o 언어: 독일어, 영어, 프랑스어 (홈페이지 상단 영문 선택 기능)□ 제공 정보o 로그인 없이 무료로 기본 정보 조회 가능 ○ 제품 및 서비스를 공급하는 독일, 스위스, 오스트리아 내 제조기업, 대규모 유통기업(Wholesaler), 디스트리뷰터(Distributor), 서비스 기업 관련 기본 정보 및 최초 접촉 담당자 정보 제공-담당자명, 주소, 홈페이지, 전화번호, 팩스번호, 종업원수, 주요 공급 제품 및 서비스, 경우에 따라 간단한 기업 소개 등 ○ 동 사이트는 기본적으로 각종 제품 및 서비스를 제공하는 기업의 B2B 온라인 홍보 사이트이나, 독일 내 기업 검색 무료 사이트 부재로 가장 널리 활용되고 있음. https://www.wlw.ch/en",독일,유럽
10,[독일] KoMPASS,"□ 사이트 개요 ○사이트 유형: 기업검색사이트 ○ 기본 정보 및 연혁- 소재지: 독일 프라이부르크(Freiburg)- 현재 총 고용인원수: 약 30명- 설립연도: 2009년(독일)- Kompass는 세계적인 기업 검색 사이트이며 독일에 설립된 것은 지사임.- 독일기업을 중점적으로 검색할 수 있도록 함.o 개요- 30개 이상의 검색엔진 필터 장치 존재- 약 26만개의 독일 기업과 450만개의 세계적 기업에 대한 정보 검색 가능- 검색, 저장, 수정 기능 탑재 ○언어: 독일어, 영어(홈페이지 상단 영문 선택 기능) □ 제공 정보 ○로그인 없이 무료로 기본 정보 조회 가능 ○설립연도, 담당자명, 주소, 홈페이지, 전화번호, 팩스번호, 종업원수, 주요 공급 제품 및 서비스, 경우에 따라 간단한 기업 소개 등 ○그러나 기업경영진, 수출입, 매출, 재무제표, 거래업체 등에 대한 상세 정보는 유료로 사용 가능함. https://www.kompass.de/",독일,유럽
11,[독일] INDUSTRYSTOCK,"□ 사이트 개요 ○사이트 유형 : 기업검색사이트 o 기본 정보 및 연혁- 관리운영사 : Deutscher Medien Verlag GmbH- 소재지: 독일 코트부스(Cottbus)- 현재 총 고용인원수 : 10명- 설립연도 : 2003년(독일)- 본사가 독일에 있으며, 2013년도에 10주년 기념행사를 함.- 동 사가 10년동안 관리한 페이지는 industrystock, b2b-crossmedia, b2b-tradefair, b2b-contextAds 등 총 4개의 B2B 서비스 제공 홈페이지나, 가장 기본적으로 운영되는 홈페이지는 기업검색사이트인 industrystock임. ○개요- 16개 다국어 지원 기업 서칭 엔진 (한국어 제공)- 각 산업 분야의 독특한 제품 및 기업 정보를 소개하고 홈페이지 이용 업체가 정보를 교환할 수 있도록 함.- 수출을 목표로 하는 산업 및 무역 분야 기업에 제품 및 서비스 관련 정보를 제공하는 지능형 검색 엔진을 갖춘 산업 부문의 포탈 사이트임.- 구매결정권자는 관련 품목 및 서비스에 연관된 공급업체, 무역회사, 생산기업 및 서비스제공기업명 검색 가능- 연간 총 60개국, 1,600만명 이용- 전세계 150개 이상 국가의 92만 5천개의 기업이 21만개의 제품과 서비스를 제공- 연간 4400만회 조회 수 기록 ○언어 : 16개국어 (독일어, 영어, 프랑스어, 스페인어, 아랍어, 터키어, 중국어, 일본어 한국어, 이태리어, 러시아어 등/ 홈페이지 상단 해당언어 선택 기능)□ 제공 정보 ○로그인 없이 무료로 기본 정보 조회 가능o 설립연도, 담당자명, 주소, 홈페이지, 전화번호, 팩스번호, 종업원수, 주요 공급 제품 및 서비스, 경우에 따라 간단한 기업 소개 등 ○ 지난 24시간동안 인기 검색어 노출기능을 통한 기업인 최신 관심사 파악 가능  ○ 신규설립 및 등록기업 노출 기능  https://www.industrystock.com/en",독일,유럽
12,[러시아] Rosfirm,"□ 사이트 개요 ○사이트 유형:기업 디렉토리 ○ 러시아의 주요 기업의 업종과 연락처를 검색할 수 있는 무료 디렉토리로, 미국의 Yellowpage와 동일 ○언어:러시아어* 영어 및 기타 외국어 정보는 제공하지 않음.□ 제공 정보 ○업종, 기업명, 전화번호 등 간략한 연락정보 https://www.icapb2b.gr/portal/web/b2b/home",러시아연방,유럽
13,[루마니아] Trade Boss ,"□사이트개요 ○사이트유형: e-마켓플레이스- TradeBoss.com - B2B 마켓플레이스, 수출입비즈니스디렉토리o 설립연도:2008년o TradeBoss.com 은빠르게성장하고있는국제B2B 네트워크. 루마니아기업에의해운영되는사이트 ○언어: 영어 □제공정보(무료)- 업체이름- 제품- 담당자정보- 기업분류표- 주요사업별분류- 위치* 동사이트는232개국에관한비즈니스정보를제공하며, 무료사용자와유료회원간의제공되는정보는차이가있음. ",루마니아,유럽
14,[루마니아] Pagini Aurii ,"□ 사이트 개요 ○사이트 유형: 비즈니스 디렉토리o 언어: 루마니아어, 영어o 루마니아의상품, 서비스, 회사를 검색하는가장 대표적인검색엔진. 루마니아, 유럽의 1200만개 회사에관한 정보열람을제공하며 모바일이용도 가능함.* 회원가입 불필요□ 제공 정보 (무료)- 회사명- 연락처- 상품/서비스- 범주별 검색- 키워드별 검색- 위치",루마니아,유럽
15,[말레이시아] MATRADE,□ 사이트 개요 ○사이트 유형: 기업정보 사이트 ○말레이시아 무역공사(MATRADE)에서 운영하는 말레이시아 기업 정보 사이트 ○언어: 영어 □ 제공 정보 ○ 말레이시아 제조업 및 서비스업 종사 기업 정보 제공 https://www.matrade.gov.my/en,말레이시아,아시아
16,[모로코] Kerix (www.kerix.net),□ 사이트 개요 ○ 사이트 성격 :대표적인 모로코 기업 디렉토리 (무료) ○2002년 설립o 언어: 불어 □ 제공 정보 ○기업 개요 및 연락처등 상거래에 필요한 기초 정보,모로코,중동
17,[모로코] Telecontact (www.telecontact.ma),□ 사이트 개요 ○사이트 성격 : 모로코 내 개인/기업/기관 전화번호부 ○2005년 설립 ○언어: 불어 □ 제공 정보 ○모로코 내 개인/기업/기관 전화번호 연락처 제공 ,모로코,중동
18,[모잠비크] P&aacute;ginas amarelas,"□ 사이트 개요 ○사이트 주소 :  http://www.paginasamarelas.co.mz 사이트 유형 : 모잠비크 전화번호부(Yellow Page) ○모잠비크에서 이용할 수 있는 유일한 기업검색 사이트이며, 매년 기업정보가 업데이트 됨. - 모잠비크에는 별도의 기업DB가 없어, 기업검색시 현지 전화번호부 우선 활용 - 매출액, 수입액 등 구체적인 기업정보가 있는 것이 아니라, 전화번호 등 연락처 위주 ○언어 : 포르투갈어, 영어 □ 제공 정보 ○모잠비크 내 주요기업 정보(연락처) -무료이며모잠비크 내 유일한 기업정보 검색 사이트 -품목별, 업체명으로 검색 가능   끝.",모잠비크,아프리카
19,[미국] Ezilon,"□ 사이트 개요 ○사이트 유형: 기업 검색 사이트o 웹사이트를 통해 북미, 아시아, 유럽, 남미, 아프리카, 호주, 뉴질랜드, 중동 등의 지역에 있는 기업 검색 ○언어: 영어 □ 제공 정보 ○www.ezilon.com (메인 웹사이트)를 통해 주요 지역을 선택하면 그 지역의 수입, 수출, Distributor, 제조업체 검색 가능* 무료 이용 가능",미국,북미
20,[미국] MacRAES BLUE BooK,□ 사이트 개요 ○사이트 유형: e-마켓플레이스/디렉터리o 캐나다에 위치한 owen Media Partners Inc.사가 운영하고 있는 온라인 디렉터리로 북미지역(미국과 캐나다) 기반의 산업 디렉터리. 1893년 설립되어 120만개 사의 5만개의 품목 정보 보유 ○언어: 영어 □ 제공 정보 ○미국과 캐나다의 120만개 사의 5만여 품목 판매처 정보 보유하고 있으며 무료 디렉터리임. www.macraesbluebook.com,미국,북미
21,[미국] Manta,"□ 사이트 개요 ○사이트 유형 :업체정보 검색 사이트 ○미국을 기반으로 2005년 설립되었으며, 대기업이 아닌 중소기업 중심의 업체 정보 검색 사이트임 ○언어: 영어 □ 제공 정보 ○미국 내 각종 업체를 제공서비스/품목 혹은 미국 내 지역으로 도시단위까지 나눠서 조사가 가능하며 무료 검색 서비스 제공 ○업체명, 주소, 연락처(웹사이트, 메일, 전화 등) 제공 ○이용이 기본적으로 무료이며, 회원이 아니더라도 업체 검색은 가능하나 무료 회원 가입 시에 더욱 자세한 정보 (업체 매출액 등의 정보)를 얻을 수 있음. https://www.manta.com/",미국,북미
22,[미얀마] Yangon Directory,"□ 사이트 개요 ○사이트 유형: 해외기업검색 웹사이트 ○1992년에 기업정보 디렉토리를 처음으로 발간하여 13만 여개의 비즈니스 정보 수록, 미얀마 최대 도시인 양곤뿐만 아니라 만달레이, 네피도 등 21개 도시의 기업정보 수록o 언어: 영어, 미얀마어 □ 제공 정보 ○기업을 카테고리별로 구분하여 회사명, 주소, 취급품목, 전화번호, 이메일, 웹사이트 제공",미얀마,아시아
23,[미얀마] Myanmar Yellow Pages ,"□ 사이트 개요 ○사이트 유형: 해외기업검색 웹사이트o 1993년 설립되어 1995년부터 기업정보 디렉토리 발간하여 8만여개의 비즈니스 정보 수록 ○언어: 영어, 미얀마어□ 제공 정보o 기업을 카테고리별로 구분하여 회사명, 주소, 취급품목, 전화번호, 이메일, 웹사이트 제공",미얀마,아시아
24,[방글라데시] Bangladesh Yellow Page,□ 사이트 개요 ○ 사이트 유형 : 기업검색사이트  ○ 752개 카테고리 9000여개 방글라데시 기업정보를 보유한 방글라데시 최대 기업 디렉토리  ○언어 : 영어 □ 제공 정보 ○752개 카테고리 9000여개 방글라데시 기업정보,방글라데시,아시아
25,[방글라데시] Address Bazar,□ 사이트 개요 ○사이트 유형 : 기업검색 ○언어 : 영어  ○사이트 유형 : 기업정보(연락처) 제공 사이트 □ 제공 정보 ○기업정보가 아래 카테고리로 나뉘어 제공됨 - Agricultural Products - Beauty Treatment - Business Houses - Computer Internet - Consultancy - Education Career - Fashion Jewelry - Food Beverage - Furniture Decoration - Garments Accessories - Health Medicine - Hotel and Restaurant -Jute Goods Tea - Leather Leather Goods - Machinery Equipment,방글라데시,아시아
26,[벨기에] Kompass,"□ 사이트 개요 ○사이트 유형: 기업정보 검색사이트 ○언어: 프랑스어, 네덜란드어, 영어, 독어 ○Kompass는 글로벌 기업정보 서비스 기업이며 동 사이트는 벨기에 지사로 벨기에 기업을 중점적으로 검색 가능 ○약 13만개의 벨기에 기업 현황 정보 보유□ 제공 정보 ○주소, 홈페이지, 전화번호, 설립연도, 기업 규모, 주요 품목 등은 회원가입을 하지 않아도 열람 가능 ○수출입 국가, 매출액, 업체 재정상태, 경영진 등의 상세 정보는 유료로 이용 가능 https://www.kompass.com/businessplace/z/be/",벨기에,유럽
27,[벨기에] Trendstop,"□ 사이트 개요 ○사이트 유형: 기업정보 검색사이트o벨기에 내 35만여 개의 수입업체, 수출업체 및 제조업체 관련 정보 및 판매구매 오퍼 현황 정보 보유oRoularta Media Group의 자회사인 Biblo NV에서 운영하며 월평균 360만 명, 일평균 3만 명이 동 사이트를 이용하고 있음 ○언어: 프랑스어, 네덜란드어, 영어 □ 제공 정보 ○주소, 홈페이지, 전화번호, 설립연도, 사업자등록번호 등 기본 정보는 비회원 열람 가능 ○수출입 거래를 하는 국가, 총 매출액 추이, 업체 재정상태, 분야 담당자 등의 기업거래 상세정보의 경우에 는 유료 회원만 사용 가능 https://trendstop.knack.be/en/home.aspx",벨기에,유럽
28,[벨라루스] B2B,"□ 사이트 개요 ○웹사이트 유형 : 기업 검색 사이트 ㅇ1999년 설립. 운영업체는 Belfakta Media  ○웹사이트 언어 : 러시아어 (웹사이트 개편으로 현재는 러시아어 버전만 운영 중이며, 영어 버전 준비 중)  ○무료로 정보 이용 가능□ 제공 정보  ○100,000여개의 수입업체, 수출업체 및 제조업체 관련 정보  ○웹사이트내 directory에서 벨라루스 도시별 전화 코드, 국제 전화 코드, 벨라루스 도시별 우편 번호, 다른 나라 옐로우 페이지 링크, 가 기본 정보 제공  ○ 벨라루스외에 라트비아, 리투아니아 업체정보도 제공  ○주요 정보 내용 : 기업명, 주소, 홈페이지, 대표 전화, 대표 이메일, 회사 소개, 취급 상품 및 서비스 등 안내",벨라루스,유럽
29,[불가리아] Findbiz,"ㅁ 사이트 개요   ㅇ사이트 유형: 기업검색사이트   ㅇICAP(www.icap.bg) 사가 운영하는 e-마켓플레이스로 남동부 유럽의 5개국(불가리아, 루마니아, 그리스, 세르비아, 키프로스)를 대상으로 기업 정보 서비스를 제공. 약 800,000 기업정보 수록(불가리아는 150,000 개사) - ICAP 사는 D B 사의 발칸지역 exclusive 보유   ㅇ언어: 영어, 불가리아어, 루마니아어, 그리스어, 세르비아어  ㅁ 제공 정보   ㅇ기업명, 연락처, 주소 등 간략한 정보만의 검색이 가능하나 이 역시 수차례 검색으로 서비스 이용이 제한되어 있고 회원가입 유도 팝업 창이 지속적으로 뜸. - 결국 무료서비스로 이용하기에는 제한 사항과 불편함이 많아 결국에는 회원가입을 해야 서비스 이용이 가능함.  * 유무료 회원별 이용 가능 정보 차별 제공ㅁ메뉴 구성  ㅇ 기업명별 - 남동부유럽 4개국 중 해당 국가를 선택한 후, 기업명을 입력하여 조회 가능 - 고객이 해당 기업명을 이미 인지하고 있는 경우에 사용 가능한 방법이며 지역별, 도시별로 세분화된 검색 가능 ㅇ사업영역별 - 해당 사업 영역을 입력한 후, 해당 영업에 해당되는 기업 목록 검색 가능. 해당 사업영역에 포함되는 바이어 검색에 유용. 또한 알파벳 순으로 사업영역에 대한 가이드 안내가 포함ㅁ검색 방법 초기메뉴에서 먼저 해당 국가를 클릭 Search for...에서 기업명 또는 사업영역 중 하나를 선택한 후 내용 입력 검색결과가 하단에 바로 표시되며 클릭을 통해 세부 정보 검색 해당 기업명을 클릭하면 세부 정보 화면으로 이동 - 비회원의 경우, 주소와 전화, 팩스 번호 만이 공개되며 나머지 정보의 조회를 원할 경우, 회원가입 필요 회원의 경우, 기업 Profile, 취급 제품, 매출액 정보에 대한 세부 정보 확인 가능 회원은 Basic, Advanced, Premium 세 등급으로 나뉘어져 있으며, 등급에 따른 차별 서비스 제공ㅁ회원 등급별 이용가능 서비스  o무료회원 : 기업명, 주소, 전화, 팩스 등 기본 정보만 조회 가능  - 이메일, 홈페이지 정보 조회 불가하며 무료회원이라도 수차례 검색으로 제한되어 있어 결국에는 회원가입이 필요  - 가입 수수료는 등급에 따라 다르며 초기 회원 가입 시 다양한 고객 욥션에 따른 가격 네고 가능  o유료 회원 - Basic, Advanced, Premium 세 가지 구분되며, 자세한 서비스 지원 범위와 옵션에 따른 가격은 업체와의 네고 필요 o문의처  o업체명 : ICAP Bulgaria Co., Ltd o이메일 : atodorov@icap.bg  o홈페이지 : www.icap.bg  o전화번호 : +359-2-801-4134           ",불가리아,유럽
30,[브라질] Guia Nei,"□ 사이트 개요o 사이트 유형: 기업검색 사이트o Nei Solution은 바이어와 오퍼상을 위한 최신 산업정보를 제공하는 미디어이자 서비스며 동시에 사업기회를 창출할 수 있는 공간을 제공함. Nei는 1974년 창립한 업체로Revista Nei (전문산업잡지),Top 5(411개 카테고리 별 Top 5 공급업체) ,Nei Newsletter(산업동향 뉴스레터) 등 다수의 컨텐츠를 운영함.o 언어: 영어, 포르투갈어, 스페인어□ 제공 정보o 바이어와 오퍼상을 위한 최신 산업 동향을 업데이트하여 제공함. 411개카테고리 240,000 개이상의 제품, 독점적인 산업 정보 등을 보유함. www.nei.com.br",브라질,중남미
31,[사우디아라비아] Zawya,"□ 사이트 개요o 사이트 유형: 기업검색사이트o Thomson Reuters사가 중동지역을 기반으로 2013년 www.zawya.com 개설o 언어: 영어, 아랍어□ 제공 정보o 사우디 내의 각종 업체, 기관 관련 정보 및세금,관련법규, 뉴스 등 다양한 실용정보 제공o 중동시장 뉴스, 칼럼 구독* 무료 회원 이용 가능",사우디아라비아,중동
32,[스리랑카] Rainbowpage,"□ 사이트 개요o유형 : 스리랑카 비즈니스 연락처 검색 사이트o담당 : Sri Lanka Telecom PLC (SLT)o 배경 : 1930년대부터 설립이 되어 책의 형태로 출판 되었으나 최근에 Media 형태로 주로 발행되고 있음. 모바일 서비스도 제공하고 있으며 모든 형태의 기관, 기업을 포함하고 있는 점이 특징이며 모든 정보를 무료로 살펴 볼 수 있다는 점이 장점임.o 언어: 영어□ 제공 정보o 내용 : 스리랑내 기관 및 기업 정보(기관명, 전자명함, 연락처, 위치, 취급품목 등)o비용 :무료끝",스리랑카,아시아
33,[스웨덴] Eniro ,"□ 사이트 개요o 사이트 유형: 기업/인물검색 웹사이트o 스웨덴 Yellow Page로 무료 검색 웹사이트o 언어: 스웨덴어□ 제공 정보o 기업, 인물 https://www.eniro.se/",스웨덴,유럽
34,[스웨덴] allabolag,"□ 사이트 개요o사이트 유형: 기업검색 웹사이트o스웨덴 기업신용조회기관인 UC AB사가 운영하는 기업검색 웹사이트o언어: 스웨덴어□ 제공 정보o기업 기본정보 (무료)- 일반정보: 회사명, 대표자명, 회사등록일, 모회사명, 전화, 주소 등- 재무정보: 종업원수, 연도별 연매출액, 당기순이익, 총자산, 영업마진율 등o기업 추가정보 (유료)- 신용조회, 연차보고서, 사무용차량 이용현황, 회사등록증 등 https://www.eniro.se/",스웨덴,유럽
35,[스위스] Wer Liefert Was,"□ 사이트 개요o 사이트 유형: 해외기업검색웹사이트o 1932년 독일에서 설립되었으며연간 37백만 명 이상 방문. 제품명으로 업체정보 검색가능하며 독일, 오스트리아, 스위스 기업정보 무료제공o 언어: 영어, 독일어, 프랑스어□ 제공 정보o 독일의 428,000여 개 기업, 오스트리아의 66,500여 개 기업, 스위스의 63,500여 개의 기업정보가 등록되어 있으며 제조업체, 도소매업체, 유통업체의 홈페이지, 주소, 전화번호, 이메일, 담당자 그리고 취급품목에 대한 정보제공 https://www.wlw.ch/en",스위스,유럽
36,[스페인] Hotfrog,"□ 사이트 개요o 사이트 유형: 기업검색사이트o 호주에 본사를 둔 기업으로 전 세계 38개국에 진출해 있으며 방대한 량의 스페인 기업 디렉터리 보유o 언어: 스페인어* 스페인 기업 정보는 스페인어로만 제공□ 제공 정보o 38개국 내 기업에 대한 소개, 컨택포인트, 취급 품목 정보 무료 제공",스페인,유럽
37,[싱가포르] Marshall Cavendish Business Information,"□ 사이트 개요o 사이트 유형: 기업검색사이트o 싱가포르, 말레이시아, 태국, 홍콩을 기반으로 무역 디렉토리를 출판, 온라인 공개하고 있는 출판 회사가 정부기관과의 파트너쉽을 통해 운영하고 있음.o 언어: 영어□ 제공 정보o 싱가포르, 말레이시아, 태국, 홍콩을 기반으로 하는 수입업체, 수출업체 및 제조업체 관련 정보를 품목별, 국가별로 정보 제공 https://www.terrapinn.com/",싱가포르,아시아
38,[싱가포르] Companylist,"  □ 사이트 개요  o 사이트 유형: 기업정보 공유 사이트  o 싱가포르를 기반으로 180개국 기업의 정보를 공유하는 비영리 사이트  o 언어: 영어  □ 제공 정보  o 180개국의 수입업체, 수출업체 및 제조업체 관련 정보를 품목별, 국가별로 정보 제공",싱가포르,아시아
39,[싱가포르] Questnet,"□ 사이트 개요o 사이트 유형: 기업 신용 및 법적 정보 조사 사이트o 싱가포르를 기반으로 한 자료 조사 업체로 싱가포르 기업 설립 및 등록 기관과의 파트너쉽을 통해 기업들의 신용, 재정, 자산, 법적 자료 제공o 언어: 영어□ 제공 정보o 85개국의 수입업체, 수출업체 및 제조업체 관련 신용정보 및 사법 처리 기록, 자산 평가 자료를 요청에 따라 건별로 제공 https://www.questnet.sg/",싱가포르,아시아
40,[아랍에미리트] 옐로우페이지,"□ 사이트 개요 o사이트 유형: 기업검색사이트 oUAE 제1 통신사 에티살랏(Etisalat)이 운영하고 있음. o언어: 영어, 아랍어□ 제공 정보 oUAE의 에미리트(7개의 에미리트가 존재)별로 기업정보 검색이 가능하며 아부다비 내 알아인시 또한 개별적으로 검색 가능 https://www.yellowpages-uae.com/",아랍에미리트,중동
41,[아랍에미리트] 아부다비상공회의소,"□ 사이트 개요 o사이트 유형: 기업검색사이트 o아부다비 정부기관으로 아부다비에 회사설립(지사, 법인 등 모든 형태)시 반드시 상공회의소에 가입을 해야 하므로 아부다비 역내 모든 기업의 정보를 조회할 수 있음. o언어: 영어, 아랍어□ 제공 정보 o아부다비 내 설립된 기업의 기업명, 주소, 전화번호, 업무영역 등의 조회가 가능하며 기업이 정보공개에 동의한 경우 기업면허(License) 및 주주 정보 등도 열람 가능 https://www.dubaichambercommerce.com/en/",아랍에미리트,중동
42,[아르헨티나] TRADE NoSIS,"□ 사이트 개요o 사이트 유형: 기업검색사이트o 서비스연도: 1988년o 운영회사: NoSIS SAo 서비스 소개: 아르헨티나 수출입 통계 서비스를 제공(www.nosis.com.ar :유료)하는 NoSIS SA사의 무료 회사정보제공 사이트임.o 언어: 스페인어, 영어, 이탈리아어, 독일어□ 제공 정보o 기업기본정보(국가, 사업자 등록번호, 업종, 설립연도, 매출액, 주소, 전화번호, 홈페이지), 취급 브랜드, 판매제품, 구매제품, 무역통계자료 수록",아르헨티나,중남미
43,[알제리] Les Pages Maghreb,"□ 사이트 개요o 사이트 유형: 기업검색사이트o 사이트주소 : https://www.lespagesmaghreb.com/ o 알제리, 튀니지를 기반으로 2006년에 설립되어 마그레브 지역 권의 각종 회사 정보를 제공o Les Pages Maghreb은 데이터 베이스 및 응용 웹 사이트에 특화된 프랑스 기업의 알제리 자회사로 Algrie Tlcom(알제리 텔레콤)과 파트너 관계를 유지- 문의사항이 있을시 직접문의 메일발송 가능- 신규 등록된 기업들의 정보가 실시간으로 업데이트 됨.o 회사마다 재무정보, 종업원 수, 연혁 등 세부 정보를 제공o 언어: 프랑스어□ 제공 정보o 알제리, 튀니지 등 마그레브 지역 국가들의 수입업체, 수출업체 및 제조업체 등의 정보 제공o 3백만 이상의 전화가입자와 20여 만개의 알제리 회사 및 6만여 개의 튀니지 회사를 회사명부 목록에 보유하여 이용 고객 및 회사의 발전과 회사 관계 망을 개선할 수 있도록 함.o 회사 이름, 분야, 취급 품목 등을 입력 후에 해당 업체 연락처(주소, 전화번호, 팩스번호, 이메일 등)을 검색o 회사마다 재무정보, 종업원 수, 연혁 등 세부 정보를 제공* 로그인을 하지 않으면 하루에 검색할 수 있는 횟수가 10회로 제한되므로, 필요시 본인의 이름으로 계정 생성(무료)",알제리,중동
44,[에콰도르] Ekos Negocios,"□ 사이트 개요o 사이트 유형: 에콰도르 비즈니스 전문잡지 사이트로 업종별 기업정보 제공(총 4,295개사, 기업소개 수준)o 언어: 스페인어□ 제공 정보o 12개 업종 대분류를 기준으로 관련기업 소개- 업종분류 내역: 농축산업, 도매, 소매, 건설, 산업, 원유 및 광산개발, 보건, 자동차, 금융, 서비스, 운송, 관광 및 요식업* 무료 회원으로 이용 가능o 기업관련 제공 정보- 회사명, 주소, 대표 전화번호, 매출액, 수익, 법인세납부액, 매출액 기준 순위 등",에콰도르,중남미
45,[에티오피아] 2Merkato.com,"□ 사이트 개요o 사이트주소 : www.2merkato.com o 사이트 유형: 해외기업검색사이트o eCom광고회사에 의해서 개설(14년도에 Ebiz online solution PLC와 합병)o 언어: 영어, 암하릭어(에티오피아 공용어)□ 제공 정보o 700개가 넘는 사업 주소록 보유o 매일 갱신되는 입찰 공고와 광고: 주요 신문들 혹은 사용자들에 의해서 제공되는 정보o 에티오피아 사업관련 뉴스o 매일 업데이트되는 환율 정보 제공* 유무료 회원별, 이용 가능 정보 차별 제공□ 기업 검색방법 (사이트 주소 접속 후)o 기업명 직접검색 : 우측 상단의 'Search 2Merkato'에 기업명 입력 후 엔터키 누름o 산업별 기업 리스트 : 중앙 상단의 'Business Directory' 버튼 클릭 = Agriculture, Agents 등 총 13개산업군(대분류) 중 검색을 희망하는 산업 선택 = 소분류된 산업군 중 희망하는 산업 선택 (각 산업별 등록된 기업 수 확인 가능) =기업명 선택시 기업 주소 및 세부정보 확인 가능",에티오피아,아프리카
46,[영국] Applegate,"□ 사이트 개요o 사이트 유형: 기업(공급업체) 검색 웹사이트o 설명: Applegate는 1997년 설립된 영국에서 가장 큰 규모의 온라인 기업검색 웹사이트로, 바이어에게 공급업체 정보를 무료로제공함.o 제공 정보 : 15,346개 공급업체 정보 (18.9 기준)o 언어: 영어",영국,유럽
47,[오만] 오만 옐로우페이지,"□ 사이트 개요o 사이트 유형 : 기업 디렉토리o 오만 내 약 6,000개의 기업정보 보유o 언어: 영어o 별도의 회원가입은 불요□ 제공 정보o 주소, 전화, 팩스, 이메일, 웹사이트, 담당자명, 사업분류, 회사간략소개",오만,중동
48,[오스트리아] All-Biz Ltd,"□ 사이트 개요o 사이트 유형: 국제적 기업정보 데이터베이스o 연간 Website 조회수 2억2천만, 89개국의 140만개사 등록, 제품 2천만개 등록, 26개국 언어 지원, 13개국에 관리 지사 보유o 언어: 독일어, 영어, 한국어 등 총 26개 국어 지원□ 제공 정보o 업체 정보 및 판매 제품 등록, 업체명, 주소 정보 제공o 전화번호 뒤 4자리, 홈페이지, 이메일 주소는 정보보호 차원에서 열람 불가능o All-Biz 서버를 통한 메일 발송 기능o 웹사이트 기반 실시간 채팅 가능(Log in 필요)",오스트리아,유럽
49,[오스트리아] IDEC - Internet Database E-Business Center GmbH,"□ 사이트 개요o 사이트 유형: 무료 정보 검색 서비스o 1998년 설립되어 가장 오래된 기업 정보 검색 서비스이며 2005년 11월부로 기업들의 자발적인 정보 기입을 통하여 데이터베이스 구축o 언어: 독일어□ 제공 정보o 업체명, 주소, 연락처, Web, E-mail 등 기본적 정보 제공, 간단한 업체 소개 및 Google 지도를 이용한 위치 표시",오스트리아,유럽
50,[오스트리아] FirmenABC Marketing GmbH,"□ 사이트 개요o 사이트 유형: 기업 정보 검색 데이터베이스 검색 엔진o 2005년 Salzburg에서 설립되었으며 약 130명의 근무자 보유, 오스트리아 기업 49만 개사 등록, 이외 오스트리아, 독일, 스위스 업체들 등록 중o 안드로이드, ioS용 FirmenABC 어플리케이션o 언어: 독일어□ 제공 정보o 제품별, 업체별 검색 지역별 검색- 기본적인 업체 정보: 업체명, 주소, 전화번호, Web, E-Mail 정보 제공- 업체 종사 분야 및 매출(추측), 간단한 소개 등 세분화된 정보 제공",오스트리아,유럽
51,[요르단] 암만상공회의소,"□ 사이트 개요( http://www.aci.org.jo/ )o 사이트 유형: 기업정보 검색o 암만 공업회의소 회원기업 검색o 제공언어: 영어, 아랍어□ 메뉴구성o About ACI : 모든 측면에서 요르단 산업발전과 수출 능력강화o Media Center : 다양한 종류의 다큐멘터리 미디어 캠페인 제작조직 및실행o Services : 연구, 산업 개발부, 회원 부서, 법무 부서, 홍보 부서o Programs : 관련 프로그램o Industrial Directory : 관련 디렉토리 내용o E-Services : 전자 서비스o Information Platform : 수출품목에 필요한기술적 요구와 관련된 가장 중요한 정보를 가진 플랫폼",요르단,중동
52,[우루과이] PAGINAS AMARILLAS,"□ 사이트 개요o 사이트 유형: 기업검색사이트o 서비스연도: 2010년 5월 20일o 운영회사: VoLT Directories SAo 서비스 소개: 우루과이 Yello page로 우루과이 업체 정보 수록o 언어: 스페인어□ 제공 정보o 기업명, 주소, 전화번호, 홈페이지, 이메일, 관련 검색어 제공",아르헨티나,중남미
53,[우즈베키스탄] Allbiz,"□ 사이트 개요o사이트 유형:기업 및 제품 온라인 홍보, 거래 플랫폼o13개국에 사무실 보유, 89개국 130만개 기업, 2,000만 상품, 서비스 등록o언어:한국어, 영어, 중국어, 일본어, 러시아어, 스페인어 등 26개 국어  □ 제공 정보o기업명, 국가, 제품명, 제품세부정보, 사진, 가격, 연락처, 홈페이지 등",우즈베키스탄,아시아
54,[우크라이나] Business-guide,"□ 사이트 개요o 사이트 유형: 기업정보검색사이트o기본 정보- 우크라이나 기업 검색 사이트 중 1위- 76000개사 무료 검색가능, 최대 560,000개(유료)의 기업 DB보유o 언어: 영어, 우크라이나어, 러시아어□ 제공 정보o 주요국의수출업체 및 제조업체 관련 정보- 회사명, 대표자명, 회사등록일, 전화, 주소, 종업원 수, 수출입국가, 제품정보, 제품가격",우크라이나,유럽
55,[우크라이나] Allbiz,"□ 사이트 개요o 사이트 유형: 기업정보검색사이트o기본 정보- Allbiz는 세계적인 검색 사이트이며 우크라이나에 설립된 것은 지사임.- 1,327,000개 기업 검색가능o 언어: 영어, 우크라이나어, 러시아어, 프랑스어, 한국어 등 26개국 언어(홈페이지 상단 언어 선택 기능)□ 제공 정보o로그인 없이 무료로 우크라이나 전역 각 대도시 및 전세계 240여국의 수입업체, 수출업체에 대한 기업 정보 제공o설립연도, 담당자명, 주소, 홈페이지, 전화번호, 팩스번호, 종업원수, 주요 공급 제품 및 서비스, 경우에 따라 간단한 기업 소개 등",우크라이나,유럽
56,[인도] India Mart,"□ 온라인 바이어 발굴 사이트 개요o 사이트명 : Indiamart.com o 특징 : 인도 최초의 온라인 B2B 마켓플레이스이며, 인도내 500만개 이상의 공급업체, 6,000만개 이상의 바이어 기업 정보가 수록되어 있음.o사용언어 : 영어□ 제공서비스 내용o 바이어 정보확인 : 부분유료 (연 250달러, 혹은 그 이상으로 다양한 옵션 제공)o 수출입관련 인콰이어리 등록시 유로 서비스 필수 : (등록) 1,500달러/연, (카탈로그 등록) 390달러/회",인도,아시아
57,[인도] Kompass India,"□ 온라인 바이어 발굴 사이트 개요o 사이트명 : https://in.kompass.com o 특징 :세계적인 B2B 사이트인 Kompass의 인도 지역 운영 사이트. 64개국 280만개 기업정보 수록o사용언어 : 영어□ 정보이용 : 연 25,000루피 (약 45만원)",인도,아시아
58,[인도] TradeIndia,"□ 온라인 바이어 발굴 사이트 개요o 사이트명 : Tradeindia.com o 특징 :인도 및 주요 3-4개국 430만개사의 기업정보 수록 (기업명, 대표전화, 홈페이지, 담당자 연락처 등)o사용언어 : 영어□ 비용여부 : 부분 유료 (수입 및 구매업체 정보의 경우 연 284달러)",인도,아시아
59,[인도] Kompass India,"□ 사이트 개요o 사이트 유형: e-마켓플레이스o 사이트명 :https://in.kompass.com o 영국에 본사를 두고 있으며 60년이 넘는 기간 동안 서비스를 제공하고 있음.o SIC 코드 검색 방법을 사용하여 정확한 검색 결과를 제공함.o세계적인 B2B 사이트인 Kompass의 인도 지역 운영 사이트. 64개국 280만개 기업정보 수록o 언어: 영어□ 제공 정보o 전 세계 65개국에 존재하는 4백만 여개의 수입업체, 수출업체 및 제조업체 관련 정보 및 판매구매 오퍼 현황 제공* 유무료 회원별 이용 가능 정보 차별 제공o 전문적인 마케팅 서비스를 제공하여 기업의 판매량 증가에 기여하고 있음.o 최신 경제 동향, 유망 산업, 신제품 트렌드에 대한 뉴스 제공 □ 정보이용o연 25,000루피 (약 45만원)",인도,아시아
60,[인도네시아] PT Dataindo Inti Swakarsa,"□ 사이트 일반정보o 본 사이트는 인니 기업 정보, 관세, 수출입 및 산업 동향에 대한 정보 제공- 약 48,000개의 기업에 대한 정보 보유하고 있으며, 회사 기본 정보, 분야별로 수출입 업체, 제조업체, 공공기관에 대한 데이터도 보유- 또한 기업 정보 외에도 농업, 어업, 광업, 건설, 유통 등 주요 산업 동향 보고서도 제공 - 최신 데이터는 항목별로 유료임o 언어: 영어o 정보 수집은 주로 설문조사(전화, 팩스, 이메일, 문자)를 통해 이뤄지며, 이외에도 정부기관, 언론 등을 통해 정보 수집함.",인도네시아,아시아
61,[일본] NC network,"□ 사이트 개요o사이트 유형: e-마켓플레이스o자체 검색 엔진을 이용하여 제조업체의 구매부서을 검색, 발주자로 하여금 최적의 발주처 회사를 찾을 수 있도록 하는 공장검색 엔진, 제조업체와 (동 사이트) 등록기업을 연결해주는 가공사업부 등의 서비스 운영o언어: 일본어, 한국어, 중국어, 베트남어, 태국어, 독일어o운영기관: 주식회사 NC네트워크(URL) https://www.nc-net.or.jp/ncnetwork/company/ □ 제공 정보o생산 위탁이 가능한 공장 검색 데이터베이스(에미다스) 제공, 회원 기업에 의한 협력업체 및 아웃소싱 안건 게재 등* 유무료 회원별 이용 가능 정보 차별 제공",일본,아시아
62,[일본] The Business Mall,"□ 사이트 개요o사이트 유형: 기업정보 사이트,e-마켓 플레이스o일본 전국의 상공 회의소상공회가 운영하는 상거래 지원 사이트. 일본 전국 30만 건의 기업 데이터베이스를 검색하고 거래처 검색 가능. 회원 기업의 경우, 상품 및 서비스의 PR, 거래 안건 및 파트너 검색 가능o언어: 일본어o운영기관: 더 비즈니스 몰 사무국(오사카 상공회의소내)(URL) http://www.osaka.cci.or.jp/ □ 제공 정보o일본 전국 30만 건의 기업 데이터베이스(회사명, 소재지, 사업 개요, PR, 자본금, 직원 수, 홈페이지 유무), e-마켓 플레이스 제공 등* 유무료 회원별 이용 가능 정보 차별 제공",일본,아시아
63,[일본] Hotfrog,"□ 사이트 개요o사이트 유형: 기업검색사이트oHotfrog는 호주 시드니를 거점으로 Cirrus Media사가 운영하는 기업검색 사이트이며 2006년에 운영 개시됨. 매월 4,792,852명이 동 사이트를 방문하여 열람회수(page view)는 10,994,604회를 기록함.o언어: 일어(기타 영어/이탈리아어/독일어 사이트가 있음.)□ 제공 정보o현재 38개국 약 6,900만개사의 정보가 등록되어 있으며 제조, 무역, 도소매, 서비스 등 다양한 업종이 등록되어 있음.* 유무료 회원별 이용 가능 정보 차별 제공",일본,아시아
64,[중국] HC360,"□ 사이트 개요o사이트 유형: e-커머스o1992년에 설립, 2003년 홍콩에서 상장하였으며 중국내 정보서비스 및 b2b 전자상거래서비스 최초 상장한 회사이며, ISo9001 품질 관리 시스템 인증 획득o언어: 중국어□ 제공 정보o판매?구매 오퍼 정보, 대리, 협력, 입찰, 임대 등 정보 제공 - 등록 기업수 1500만 이상, 바이어 수량 1120만개 달하며 70여개 산업 포함* 유무료 회원별 이용 가능 정보 차별 제공",중국,아시아
65,[중국] b2b168,"□ 사이트 개요o 사이트 유형: e-커머스o 2005년 설립, 주로 중소기업 대상o 언어: 중국어, 영어□ 제공 정보o 현재 세계 220개 국가와 지역의 상인들에게 판매?구매 오퍼 정보 현황* 유무료 회원별 이용 가능 정보 차별 제공",중국,아시아
66,[중국] Alibaba,"□ 사이트 개요? 사이트 유형 : e-마켓플레이스? 알리바바그룹이 중국 중소기업의 글로벌 수출을 위해 건설한 E-BIZ 플랫폼으로, 중국 전역 1,400개 이상의 기업 정보를 보유하고 있으며, 220여 개국에서 서비스 중임. ? 언어 : 영어, 중국어□ 제공 정보 ? 중국 대륙지역 중소기업(생산형, 유통형, 서비스형) 기업소개, 제품정보, 구매정보□ 사이트 기능 ? 무역정보 조회 - 상품, 회사, 지역 등에 따라 구분하여 조회 가능 ? 무역정보 게시 - 사용자 신분(등급)에 따라 구매판매 정보 게재 가능 ? 온라인 거래  사이트 링크를 통해 유관 B2B/B2C 플랫폼에서 온라인 거래 진행 가능",중국,아시아
67,[중국] 메이드인차이나,"□ 사이트 개요o 사이트 유형: B2B e-마켓플레이스o 온라인 B2B 전자 상거래 플랫폼을 사용하여, 효과적으로 전 세계의 구매자와 중국 공급 업체 간의 거래를 촉진하고 있으며, 전 세계에 중국 제품과 서비스를 홍보o 언어: 스페인어, 포르투갈어, 프랑스어, 러시아어, 이탈리아어, 독일어, 네덜란드어, 아랍어, 한국어, 일본어□ 제공 정보o 세분화된 상품별 공급업체 리스트 및 각 공급업체들의 주요상품, 산업별 공급업체 밀집 지역, 대외구매 유통채널, 구매자 검색 등 바이어와 공급업체에게 필요한 정보 제공",중국,아시아
68,[체코] ABC Czech and Slovak,"□ 사이트 개요o 사이트 유형: e-마켓플레이스o 사이트 : www.abceu.eu o 체코 최대 B2B 마켓플레이스로 1996년 설립이래 체코, 슬로바키아, 폴란드의 기업 정보, 입찰 정보 또한 함께 제공하고 있음.o 언어: 영어, 체코어, 슬로바키아어, 프랑스어, 독일어, 스페인어, 러시아어, 폴란드어, 이태리어, 헝가리어□ 제공 정보o 체코, 슬로바키아, 폴란드의 수입업체, 수출업체 및 제조업체 관련 정보 및 판매구매 오퍼 현황* 유무료 회원별 이용 가능 정보 차별 제공",체코,유럽
69,[체코] Czech Exporters Directory,"□ 사이트 개요o 사이트 유형: 기업정보 제공o 사이트 주소: http://exporters.czechtrade.cz/en/ o 체코 무역진흥공사격인 Czech Trade에서 운영하는 기업 디렉토리로 체코 내 기업 정보, 체코 기업 생산 제품 정보를 제공하고 있음.o 언어: 영어, 체코어, 프랑스어, 독일어, 스페인어, 러시아어, 폴란드어, 이태리어, 헝가리어, 불가리아어, 루마니아어, 세르비아어, 크로아티아어, 포르투갈어□ 제공 정보o 체코의 수출업체 및 제조업체 정보 및 기업별 생산 제품 및기업별 제공 서비스 현황 소개",체코,유럽
70,[칠레] Mercantil,"□ 사이트 개요o 사이트 유형: 기업정보제공 사이트o 6만개 칠레 기업 기본 정보를 보유한 칠레 최대 기업 검색엔진임.o 언어: 영어, 스페인어, 포르투갈어□ 제공 정보o 산업분야별 기업 디렉토리로 각 기업의 전화, 팩스, 홈페이지, 종업원 수, 수출입금액, 수출입 품목 등 기본적인 기업 정보를 제공함.",칠레,중남미
71,[카자흐스탄] Satu,"□ 사이트 개요o 사이트 유형: e-마켓플레이스o 2008년 설립되어 2009년부터 중구 및 동유럽 최대 인터넷 상거래회사인 Allegro Group에서 운영중o 언어: 러시아어□ 제공 정보o 카자흐스탄 내8,537,217개의 서비스, 상품 정보 및 판매구매 오퍼 현황□ 사이트주소 : www.satu.kz",카자흐스탄,아시아
72,[캄보디아] yellow pages,"□ 사이트 개요o 사이트 유형: 캄보디아 옐로우 페이지(yellow pages)o 2009년 CamYP Co., Ltd에 의해 사이트가 개설되었으며, 캄보디아 업체 정보를 알 수 있는 주요 검색사이트임.o 언어: 영어, 크메르어",캄보디아,아시아
73,[캐나다] Profile Canada,"□ 사이트 개요o 사이트 유형: 기업정보 검색 엔진o 캐나다 기반 비즈니스 검색 엔진으로, 백만 여개의 지역 비즈니스 정보를 보유하고 있음. 고객들에게는 업체 정보 제공, 업체에는 홍보 서비스를 제공함.o 언어: 영어□ 제공 정보o 캐나다 백만 여개의 수입업체, 수출업체 및 제조업체 관련 포괄적인 정보를 제공함.* 회원가입은 무료이며, 회원가입 유무에 따른 별도의 차별적 정보 제공 없음.o 현지 신규창업 기업 정보 및 새롭게 업데이트된 기존 기업정보를 실시간 업로드.",캐나다,북미
74,[캐나다] Shop Wholesale,"□ 사이트 개요o 사이트 유형: 도매기업 디렉토리 웹사이트o 상품 카테고리별로 캐나다 내 도매 업체 정보를 정리하여 게재하고 있으며, 모든 정보는 무료로 공개o 기업 주소, 전화번호, 팩스, 웹사이트 등의 정보가 등재되어 있으나, 연매출, 신용등급 등의 상세 정보는 검색 불가o 언어: 영어□ 제공 정보o 품목 중심으로 132개 대분류로 구분되어 있으며, 각 분류 항목은 해당 품목을 취급하는 기업 리스트 연결됨. 일부 항목의 경우 하위에 세부 분류가 있기도 함.o 기업의 기본정보(상호, 주소, 전화, e-mail) 및 소개자료가 제공되나, 기본 정보가 제대로 갖추어지지 못한 기업도 다수 존재o 무료로 제공되는 정보로서, 별도의 회원 가입 없이 사용 가능",캐나다,북미
75,[케냐] 옐로페이지,"□ 사이트 개요o 사이트 유형: 기업검색사이트o 케냐 우정국에서 공식으로 제공하는 케냐 내 등록된 공공-민간기업의 기본 접촉정보를 수록함. 케냐에서 제공하는 검색사이트 중 최대의 바이어 정보 수록o 언어: 영어□ 제공 정보o 240여국의 수입업체, 수출업체 및 제조업체 관련 정보 및 판매구매 오퍼 현황* 무료 이용 가능",케냐,아프리카
76,[콜롬비아] Camara de Comercio,"□ 사이트 개요? 사이트 유형 : 콜롬비아 도시별 상공회의소 기업정보 홈페이지? 콜롬비아 상공회의소 회원 기업 검색 가능? 언어 : 스페인어□ 제공 정보? 사업자등록번호(NIT), 취급품목(UNSCP), 종업원 수, 벌금 징수 내역 등 -기업별 정보는 회원기업이 등록한 정보에 따라 다를 수 있음",콜롬비아,중남미
77,[콩고민주공화국] BIZ CoNGo,"□ 사이트 개요o 사이트 유형: 업체홍보사이트- 홍보위주의 사이트로서 업체가 정보 자발 제공(연 US$ 350)- 업체홍보정보를 모아서 분야별로 검색이 가능하도록 만든 사이트임.o 2010년 개설o 언어: 불어o 등록업체수: 3500개사□ 제공 정보o 콩고 업체별 세부 정보- 자발적으로 등록한 업체만 검색 가능o 검색가능정보- 활동내용, 주소, 전화 및 팩스, 홈페이지, 회사로고, 광고내용, 사업장 사진, 찾아오는길, facebook 및 twitter",콩고민주공화국,아프리카
78,[탄자니아] Tradekey,"□ 사이트 개요 ㅇ 홈페이지 주소 : tanzania.tradekey.com ㅇ 사이트 유형 : e-마켓플레이스 ㅇ 언어 : 영어ㅇ 파키스탄 및 중동을 기반으로 2006년 설립되어 세계 최초로 ISo 9001 품질 경영 시스템과 ISo 27001 정보 보호 시스템 인증을 모두 획득하였으며, 탄자니아 및 케냐, 우간다, 나이지리아 등 아프리카 국가를 위한 홈페이지 서비스 구축□ 제공 정보 ㅇ 탄자니아 내 수입 및 수출, 제조 기업 관련 정보 및 판매, 구매 오퍼 현황□ 메뉴 구성ㅇ Home -Browse Categories : 주요 상품군으로 분류되어 있으며, 상품 클릭 시 해당 상품 제조 기업 리스트 조회 가능 - Featured Products :최신 업데이트 상품들의 정보 열람 가능 ㅇ Products -상품군이 ABC 순서로 분류되어 있으며, 상품 클릭 시 해당 상품 제조 및수출 기업의 오퍼리스트 조회 가능 ㅇ Buyers - 각 상품을 필요로 하는 바이어의 오퍼리스트 조회 가능 ㅇ Companies - 각 분야별 기업 조회 가능□검색 방법 ㅇ 기업 검색자료원 : Tradekey  Browse Categories에서 찾고자 하는 상품군 클릭  상품군 확인 후 클릭  해당 상품을 필요로 하는 바이어의 오퍼리스트 조회 가능□회원 등급별 이용 가능 서비스 ㅇ 무료회원 - 기본 정보 조회 가능 ㅇ Silverkey Member (유료회원) - 무료회원보다 7일 먼저바잉 오퍼 조회 가능 - 온라인 쇼룸 제공 - Tradekey 사이트 검색 시 상위에 노출ㅇ Goldkey Member (유료회원) - Silverkey Member서비스 기본 제공 - 검색 엔진 최적화를 통한 상품 노출 최대화 - 배너 광고를 통해 상품 노출 기회 추가 제공 - 'TradeMate' 메신저로 바이어와의 연결 서비스 제공 ㅇ Goldkey Plus Member (유료회원) - 제품 웹사이트,동영상, 카탈로그 및대형 홍보 배너 제공 -12주간 검색 결과 최상위에 노출 - 리스트 미포함 잠재 바이어와의 연락 알선□문의처  ㅇ 이메일 : info@tradekey.com, contactus@tradekey.com ㅇ 전화번호 : +1-209-227-2270끝.",탄자니아,아프리카
79,[태국] Thaitrade.com,□ 사이트 개요o 사이트 유형: e-마켓플레이스o 태국을 기반으로 2011년 설립되어 태국 상무부에 소속된 DITP(Department of International Trade Promotion)가 운영하고 있음.o 언어: 영어□ 제공 정보o 태국 수출업체 및 제조업체 관련 정보 및 판매구매 오퍼 현황* 무료 회원가입및 이용 가능,태국,아시아
80,[파나마] Panamcham ,"□ 사이트개요o 사이트유형: 바이어정보조회(상공회의소)o 특징: 파나마미국상공회의소는1979년 10월 31일에 설립되어 파나마경제의15개의상업및산업분야를대표하는 450여 명의 회원을 보유하고 있으며, 다양한 컨퍼런스포럼세미나 등파나마 경제, 산업의정보를공유함.o 언어: 영어, 스페인어□ 제공정보o ABC 순으로세분화된회원정보와품목으로분류되어있음.",파나마,중남미
81,[폴란드] Teleadreson.com / Panorama Firm,"(1) Teleadreson.com  □ 사이트 개요ㅇ 사이트 유형: 기업 정보 제공ㅇ 폴란드에서 2000년에 설립된 oNLINE Advertising사의 지적 재산으로 폴란드, 유럽, 국제 저작권법과 공업소유권법에 의해 보호받고 있음ㅇ 언어: 영어, 폴란드어□ 제공 정보ㅇ 폴란드 기업 기본 정보(회사명, 주소, 연간 매출액, 종업원 수, 홈페이지 등)(2) Panorama Firm□ 사이트 개요ㅇ사이트 유형: 기업 정보 제공ㅇ 북유럽에서 Yellow Page 발간 및 배포를 전문으로 하는 Enrico Poland가 운영하는 웹사이트ㅇ언어: 폴란드어□ 제공 정보ㅇ 폴란드 기업 기본 정보 (회사명, 주소, 연락정보, 취급품목, 홈페이지 등)",폴란드,유럽
82,[필리핀] Yellow Pages,"□ 사이트 개요o 사이트 유형: 디렉토리 검색 및 온라인거래o 필리핀 최대 디렉토리 DB인 Directories Philippines Corporation의 온라인 버전으로 1999년부터 서비스 시작o 언어: 영어□ 제공 정보o 기업명, 주소, 지도위치검색, 전화번호, 웹사이트 링크, 기업분류 및 QR코드, 페이스북 공유 및 추천순위, 고객 이용후기 등 해당기업에 대한 다양한 정보 제공",필리핀,아시아
83,[헝가리] HBI,"□ 사이트 개요o 사이트 주소: www.hbi.hu o 사이트 유형: 기업검색 사이트 및 비즈니스 정보 제공o 유럽에서 대표적인 비즈니스와 시장 정보를 제공하는 기업인 BISNoDE 의 소속으로, 헝가리 내 기업 정보를 제공함.- 무료일 때는 키워드 검색으로, 기업명, 주소, 세금번호, 등록 번호만을 알수 있음.- 유료 회원일 때는 키워드 검색으로, 기업 매출액, 재무상태, 연락처 등을 알 수 있음.o 언어: 영어, 헝가리어o 사용 요금: 가격은 공개되어 있지 않고, 메일을 보내면 비즈니스 시간 24시간 안으로 회신이 오게 되어 있음.",헝가리,유럽
84,[호주] Hotfrog,"□ 사이트 개요? 사이트 유형 : 기업 검색사이트? 언어 : 영어, 중국어, 일본어, 러시아어, 스페인어, 덴마크어, 프랑스어, 독일어, 이탈리아어, 노르웨이어, 인도네시아어, 네덜란드어, 체코어, 포르투갈어 등? 호주를 기반으로 2005년 설립되었으며, 모기업은 Moboom Ltd임.□ 제공 정보? 38개국 1억2천만개 업체들의 상품, 서비스 및 연락정보 제공 * 유무료 회원별 정보 차별적으로 게시 (업그레이드 옵션 - Hotfrog AdVantage)",호주,대양주
85,[홍콩] 홍콩무역발전국,"□ 사이트 개요o 사이트 유형 : e-마켓플레이스( www.hktdc.com ) o 홍콩무역발전국은 홍콩과 중국으로부터의 소싱, 사업 확장을 돕는 비즈니스 매칭서비스를 제공하고 있음. 홍콩과 중국을 비롯한 13만 개가 넘는 공급업체들이 HKTDC 온라인 마켓플레이스를 통한 거래를 하고 있으며 HKTDC 개최 전시회 참여 바이어, 셀러 정보가 연결되어 있어 데이터가 풍부함.o 언어 : 영어, 중국어(번체, 간체), 독일어, 스페인어, 프랑스어, 이탈리아어, 포르투갈어, 러시아어□ 제공 정보o 각국의 13만 개가 넘는 수입업체, 수출업체 관련 정보(설립 년도, 규모, 업종, 연간 매출 규모, 수출시장 등)를 제공하고 있으며 특히 중국 성별, 도시별 주요 공급업체 및 제조업체 관련 정보와 판매구매 오퍼 현황 등을 제공함.",홍콩,아시아
86,[아순시온] 파라과이 수입협회 홈페이지 안내,"아래와 같이 파라과이 수입협회(CIP)를 소개하오니, 현지 수입업체 물색 시 참고하시기 바랍니다. 상단 ASoCIADoS 를 클릭하면 회원사 목록을 확인하실 수 있습니다.- 아 래 -□ 개요o 수입업체 정식명칭: Centro de Importadores del Paraguay (CIP)o 창립년도: 1939년o 회원수: 약 550개사 (전 수입업체의 80%)o 주소: Av. Brasilia N 1.947 casi Av. Artigaso 전화번호: 595 21 299 800 / 595 21 280 600o E-mail: cip@cip.org.pyo 홈페이지: www.cip.org.py.끝.",파라과이,중남미
87,[베트남] Doanhnghiepmoi,"□ 사이트 개요 o Doanhnghiepmoi 는 베트남 현지 기업 검색 사이트로, 현지 회사 명 혹은 Tax Code를 입력하면 관련 기업 정보를 검색해 볼 수 있음. o 제공 언어: 베트남어□ 제공 정보 o 베트남 현지 기업의 사업자 등록일, 활동 여부, 주소, 연락처, 팩스번호, 소유주 정보, 주요 특징 등 전반적인 기본 정보를 무료로 조회 가능□ 메뉴 구성 o Doanh nghi?p m?i thanh l?p - 최근 신규로 등록된 기업 순서대로 정보가 등록되어 있음. - 하노이, 호찌민시, 다낭 등 도시별로 검색 가능 https://thongtincongty.vn/",베트남,아시아
88,[싱가포르] Kompass Singapore,"[싱가포르] Kompass Singapore ( https://sg.kompass.com/ ) □ 사이트 개요? 사이트 유형 : e-마켓플레이스? 영국에 본사를 두고 있으며 60년이 넘는 기간 동안 서비스를 제공하고 있음? SIC 코드 검색 방법을 사용하여 정확한 검색 결과를 제공함? 언어 : 영어□ 제공 정보? 전 세계 70개국에 존재하는 4백만 여개의 수입업체, 수출업체 및 제조업체 관련 정보 및 판매구매 오퍼 현황 제공* 유무료 회원별 이용 가능 정보 차별 제공? 전문적인 마케팅 서비스를 제공하여 기업의 판매량 증가에 기여하고 있음? 최신 경제 동향, 유망 산업, 신제품 트렌드에 대한 뉴스 제공",싱가포르,아시아
89,[우즈베키스탄] YELLoWPAGESUZBEKISTAN,"□ 사이트 개요? 사이트 유형 : 기업 홍보 및 검색사이트? 1995년 우즈베키스탄 내 서비스를 개시하였으며 우즈베키스탄에서 활동하고 있는 16,000개 이상의 기업을 지역별, 취급 품목별로 조회하거나 기업명, 전화번호 등으로 조회가능? 언어 : 영어, 러시아어, 우즈벡어□ 제공 정보 ? 기업명, 전화번호, 팩스, 주소, 브랜드, 홈페이지 내 기업 조회수 등",우즈베키스탄,아시아
90,[우즈베키스탄] GoLDEN PAGES,"□ 사이트 개요? 사이트 유형 : 기업 홍보 및 검색사이트? 2002년 우즈베키스탄 내 서비스를 개시하였으며 우즈베키스탄에서 활동하고 있는 22,000개 이상의 기업을 지역별, 취급 품목별로 조회하거나 기업명, 전화번호, 이메일 등으로 조회가능? 언어 : 영어, 러시아어□ 제공 정보? 기업명, 전화번호, 팩스, 주소, 우편번호, 홈페이지 주소, 기업 및 제품 소개 등",우즈베키스탄,아시아
91,[말레이시아] FMM; Federation of Malaysian Manufacturers,"□ 사이트 개요? 사이트 유형 : 말레이시아 제조업체 연합 사이트? 말레이시아 제조업체 연합(FMM; Federation of Malaysian Manufacturers)은 3,000개 이상의 말레이시아 제조 및 산업 서비스 회사를 대표하는 말레이시아에서 가장 큰 민간 부문 경제 조직임.? 언어 : 영어",말레이시아,아시아
94,[중국] QICHACHA ,"□ 사이트개요ㅇ 사이트 유형: 중국 기업정보 검색 사이트ㅇ 운영회사: ?州朗???科技有限公司ㅇ 중국 내 기업 정보가 실시간으로 업데이트되며, 현재 중국 시장의 80개 산업, 8,000개 업종, 6,000개 시장, 8,000여개 기업 데이터 보유, 현재 시장 점유율 1위 유지ㅇ 언어: 중국어□ 제공 정보ㅇ 기업 관련 사업자등록정보, 연간 통계 보고, 주주정보, 투자자정보, 등기자본, 상표, 지적재산권, 주요 인적정보, 변경기록 등을 실시간으로 조회 가능□ 메뉴 구성ㅇ ?企?(기업정보 검색)- 기업명, 대표자명, 브랜드명 등을 검색하여 관련 기업에 대한 정보 제공ㅇ 搜老板(대표자 검색)- 성명, 기업명, 상품 키워드 등을 입력하여 관련 기업 대표에 관한 정보 제공ㅇ ??系(관계 조회)- 빅데이터 기반 기업관 관계 검색ㅇ ?用(응용)- 기업 홈페이지, 위치 검색, 구인정보, 주식정보 등 기업 관련 응용 데이터 검색□ 검색 방법ㅇ ?公司(기업검색)? 메뉴에서 ?企? 클릭? 기업명 혹은 관련 키워드 입력 후 검색? 해당 업체 정보 조회 가능ㅇ 搜老板: CEo 검색? 메뉴에서 搜老板 클릭? CEo 성명 입력 후 검색? 해당 CEo 및 기업 정보 조회 가능* VIP회원만 이용가능ㅇ 인맥 검색? 메뉴에서 ??系 클릭? 기업명 혹은 CEo 입력 후 검색? 자회사 및 관련 인물 조회 가능* VIP회원만 이용가능□ 회원 등급별 이용가능 서비스ㅇ 일반 회원- 기본 정보 검색 가능ㅇ VIP 회원- CEo 검색- 인맥 검색- 검색 결과 데이터 다운로드- 검색결과 분류- 재무재표 검색- 동종업계 기업 분석- 기업 신용 보고 검색",중국,아시아
95,[대만] SuperhiPage,"□ 사이트 개요     o 사이트 유형: 기업정보검색   o 사이트 주소 : www.iyp.com.tw    o언어: 중국어(번체자)  □ 제공 정보   o 대만기업 기본정보(기업명, 주소, 전화번호, 홈페이지, 이메일) 외에도사업분야, 취급제품 등의 추가정보를 확인 가능    o 회원가입 없이 무료조회 가능",대만,아시아
96,[과테말라] VESTEX,"□ 사이트 개요? 사이트 유형 : 회원사 디렉토리? 과테말라 최대 섬유산업협회로 홈페이지( www.vestex.com.gt ) 를 통해 회원사 명부 조회 가능? 언어 : 스페인어(스페인어)□ 제공 정보? 회원사 기본정보(분야별) 외 연락처, 주소, 이메일 등",과테말라,중남미
97,[이집트] Kompass,"[이집트] 콤파스 Kompass ( https://eg.kompass.com/en ) □ 사이트 개요? 사이트 유형 : 기업검색사이트, B2B 온라인 디렉토리? 등록회사 수 : 52,848? 언어 : 영어, 아랍어□ 제공 정보? 기업명, 연락처, 팩스번호, 웹사이트, 주소, 사업자등록번호 등과 같은 기본적인 기업 정보? 수입/수출국, 지역 등에 대한 정보도 추가적으로 제공? 직원 수, 기업규모, 매출액 등 핵심 정보? 위험 등급, 주주 및 주식 등의 재무 정보□ 웹사이트 기능? 기업 검색 필터 (위치, 회사 활동, 회사 규모, 회사 정보, 재무 및 임원). 단일 회사 혹은 다수의 회사 한 번에 검색 가능.? 키워드를 이용하여 검색할 수 있음",이집트,중동
98,[베트남] Yellow Pages,"□ 개요 ㅇ Yellow Pages는 베트남 최대 현지 기업 검색 사이트 중 하나 - 홈페이지 : http://www.yp.vn/business/en.aspx #(클릭 시 해당 홈페이지 이동)          로고     ㅇ 현지 회사명 검색 시 관련 기업 정보를 검색해 볼 수 있음. ㅇ 산업ㆍ제품별로 구분하여 현지 제조업체, 유통업체 정보도 검색 가능 ㅇ 제공 언어 : 영어 /베트남어/ 중국어 ㅇ 연락처 - 호찌민 : +84-28-3855-6666 - 하노이 : +84-24-3665-8888□ 제공 정보 ㅇ 회사명, 주소, 지도, 대표 전화번호, 이메일, 산업군, 주요 제품 사진 등 기본적인 기업 정보를 무료로 조회 가능□ 특징 ㅇ 호찌민시, 하노이, 다낭 등 도시별로 검색 가능 ㅇ 산업 분류, 제품 분류가 매우 세분화되어 있어 기업 검색이 편리하며, 베트남 현지 파트너사를 찾는데 유용함.",베트남,아시아
99,[이탈리아] RegistroImprese,"[이탈리아] RegistroImprese (https://registroimprese.it/) □ 사이트 개요ㅇ사이트 유형 : 이탈리아 상공회의소 온라인 기업 검색 사이트ㅇ 운영회사 : 이탈리아 상공회의소(Chamber of Commerce)ㅇ 이탈리아 상공회의소는 운영 중인 업체의 기본정보(등기부등본, 재무제표)를 1년에 한 번씩 의무적으로 등기하도록 하고 있음. 동 자료는 상공회의소 온라인 사이트에서 유료로 열람 가능ㅇ 언어 : 이탈리아어, 영어(일부 자료만 가능)□ 제공 정보ㅇ 자본금, 주주 구성, 자산 및 부채 등 등기부 등본과 재무제표 항목을 모두 열람 가능",이탈리아,유럽
100,[인도네시아] DIREKToRI INDUSTRI INDoNESIA,"[인도네시아] DIREKToRI INDUSTRI INDoNESIA(www.direktori-industri.com) □ 사이트 개요 ? 사이트 유형 : 기업 검색 사이트 ? 인도네시아 제조업, 서비스업, 농업, 상업, 금속산업, 화확산업, 창조경제분야 등의 업체 리스트를 무료로 제공하는 웹사이트 디렉토리로, 별도 비용 납부 없이 사용 가능 ? 언어 : 인도네시아어□ 제공 정보 ? 기업명, 전화번호, 팩스, 주소, 홈페이지 내 기업 조회수 등□ 메뉴 구성 ? 기업 검색란(SEARCH) - 검색창에 검색 희망품목, 회사명, 키워드 등 입력하여 검색 가능 ? NEW LISTINGS, ToP LISTINGS, PoPULAR LISTINGS - 새로 등록된 기업, 조회 수 많은 기업 리스트 조회 가능",인도네시아,아시아
101,[루마니아] Lista Firme,"□ 사이트 개요ㅇ 사이트 유형 : 기업 검색 사이트ㅇ 언어 : 루마니아어, 영어ㅇ 루마니아내 모든 도메인, 모든 사업 영역의 기업 검색 가능 - 회원가입필수 및 유료 사이트임(검색업체수에 따라 가격 책정)ㅇ 홈페이지 : https://www.listafirme.ro/ □ 제공 정보(유료)ㅇ 회사명ㅇ 사업영역ㅇ 주소ㅇ 연락처ㅇ 소유주",루마니아,유럽
102,[헝가리] Bisnode,"□ 사이트 개요o 사이트 주소: www.partnerradar.hu o 사이트 유형: 기업검색 사이트 및 비즈니스 정보 제공o 유럽에서 대표적인 비즈니스와 시장 정보를 제공하는 기업인 BISNoDE 의 소속으로, 헝가리 내 기업 정보를 제공함.- 무료일 때는 키워드 검색으로, 기업명, 주소, 세금번호, 등록 번호만을 알수 있음.- 유료 회원일 때는 키워드 검색으로, 기업 매출액, 재무상태, 연락처 등을 알 수 있음.o 언어: 영어, 헝가리어o 사용 요금: 가격은 공개되어 있지 않고, 메일을 보내면 비즈니스 시간 24시간 안으로 회신이 오게 되어 있음.",헝가리,유럽
103,[러시아] Spark-Interfax,"□ 사이트 개요o 사이트 주소: http://www.spark-interfax.ru/ o 사이트 유형: 기업 검색 및 기업 재무 정보 제공o 러시아 내 대표적인 기업 검색 사이트로 기업명, INN번호 등으로 기업 검색 가능.- 동 홈페이지의 자료는 유료로 제공 되며기업 매출액, 재무상태, 연락처 등을 알 수 있음.o 언어: 러시아어, 영어",러시아연방,유럽
